<?xml version="1.0" encoding="UTF-8"?>
<project-private xmlns="http://www.netbeans.org/ns/project-private/1">
    <editor-bookmarks xmlns="http://www.netbeans.org/ns/editor-bookmarks/2" lastBookmarkId="0"/>
    <open-files xmlns="http://www.netbeans.org/ns/projectui-open-files/2">
        <group>
            <file>file:/C:/Users/alber/Documents/UNI/18_19/PROP/PROP-FINAL/nbproject/build-impl.xml</file>
            <file>file:/C:/Users/alber/Documents/UNI/18_19/PROP/PROP-FINAL/src/capaDominio/FranjaHoraria.java</file>
            <file>file:/C:/Users/alber/Documents/UNI/18_19/PROP/PROP-FINAL/src/capaDatos/Materia.java</file>
            <file>file:/C:/Users/alber/Documents/UNI/18_19/PROP/PROP-FINAL/src/generadorhorario/GeneradorHorario.java</file>
            <file>file:/C:/Users/alber/Documents/UNI/18_19/PROP/PROP-FINAL/src/capaDominio/CjtAsignacionesTest.java</file>
            <file>file:/C:/Users/alber/Documents/UNI/18_19/PROP/PROP-FINAL/src/capaDominio/CjtAsignaciones.java</file>
            <file>file:/C:/Users/alber/Documents/UNI/18_19/PROP/PROP-FINAL/src/capaDominio/Restricciones.java</file>
            <file>file:/C:/Users/alber/Documents/UNI/18_19/PROP/PROP-FINAL/src/capaDominio/controladorDominio.java</file>
            <file>file:/C:/Users/alber/Documents/UNI/18_19/PROP/PROP-FINAL/src/capaDatos/GestionDatos.java</file>
            <file>file:/C:/Users/alber/Documents/UNI/18_19/PROP/PROP-FINAL/src/generadorhorario/VentanaPrincipal.java</file>
            <file>file:/C:/Users/alber/Documents/UNI/18_19/PROP/PROP-FINAL/src/capaDatos/Requisito.java</file>
            <file>file:/C:/Users/alber/Documents/UNI/18_19/PROP/PROP-FINAL/src/capaDatos/Asignatura.java</file>
            <file>file:/C:/Users/alber/Documents/UNI/18_19/PROP/PROP-FINAL/src/capaDatos/Aula.java</file>
        </group>
    </open-files>
</project-private>
